Uniprot ID,N-glycosylation site
O00567,207
P48960,371
P48960,33
P48960,38
P48960,413
P48960,453
P48960,446
P48960,108
P35613,268
P35613,160
P35613,214
P07602,332
P07602,331
P07602,80
P07602,136
P07602,215
P07602,101
P07602,426
Q13433,241
Q13433,67
Q9Y2E5,890
Q9Y2E5,226
Q9Y2E5,336
Q9Y2E5,748
Q9Y2E5,516
Q9BRN9,169
O00481,115
P78410,115
O00478,115
Q5ZPR3,91
Q5ZPR3,215
Q99538,167
Q99538,272
Q99538,263
Q99538,91
Q07954,2127
Q07954,3788
Q07954,4075
Q07954,729
Q07954,2815
Q07954,2905
Q07954,928
Q07954,2638
Q07954,1763
Q07954,446
Q07954,2472
Q07954,3662
Q07954,3839
Q07954,3840
Q07954,4279
Q07954,1616
Q07954,1825
Q07954,3089
Q07954,1511
Q07954,2502
Q07954,4179
Q07954,239
Q07954,1645
Q07954,4364
Q07954,3488
Q07954,2620
Q07954,3333
Q07954,114
Q07954,1575
Q07954,2485
Q07954,2486
Q07954,3048
P07942,1279
P07942,677
P07942,1336
P07942,1343
P07942,1041
P07942,356
P07942,1542
Q9P0K1,634
Q02487,629
Q02487,392
Q02487,542
Q02487,546
P56199,883
P56199,418
P56199,1113
P56199,1122
P56199,100
P56199,105
P56199,217
P56199,460
P56199,840
P56199,1008
P56199,1102
P56199,317
P56199,836
P43007,206
P43007,201
Q99571,153
Q99571,184
Q99571,204
Q99571,208
Q99571,75
Q8IV08,236
Q8IV08,284
Q8IV08,274
O95631,95
O95631,336
O95631,417
Q9H0X4,389
Q9H0X4,116
Q9H0X4,119
Q9H0X4,314
Q9H0X4,144
P55268,1348
P55268,368
P55268,1499
P55268,1249
P11717,1312
P11717,543
P11717,747
P11717,626
P11717,112
P11717,581
P11717,435
P11717,2136
P11717,2141
P11717,1656
P11717,951
P11717,957
P11717,1757
P11717,1816
Q29983,125
Q29983,220
Q29983,79
Q29983,210
Q8N441,293
Q8N441,231
Q7Z7M0,1115
Q7Z7M0,1990
Q7Z7M0,421
Q7Z7M0,2066
Q7Z7M0,2229
Q7Z7M0,1201
Q7Z7M0,1887
Q7Z7M0,1271
Q7Z7M0,637
Q7Z7M0,2214
Q9P2B2,525
Q9P2B2,526
Q9P2B2,618
Q9P2B2,300
Q9P2B2,383
Q9P2B2,286
Q92626,731
Q92626,1425
Q92626,1280
Q92626,1368
Q92626,1178
Q92626,719
Q92626,1277
P52797,100
P06756,945
P06756,74
P06756,943
P06756,874
P06756,615
P06756,554
P35555,1703
P35555,1713
P35555,1067
P47972,189
P47972,148
O60637,127
O60637,152
Q8TEM1,681
Q8TEM1,926
O95136,19
O43657,134
Q9NWD8,80
Q15818,154
Q15818,160
P05556,481
P05556,520
P05556,527
P05556,669
P05556,363
P05556,212
P05556,50
P05556,44
P05556,403
P05556,406
P05556,411
P05556,528
P78536,103
P78536,498
P78536,551
P78536,560
P78536,497
Q92824,752
Q92824,225
Q92824,1014
P08962,130
P08962,129
P08962,150
P08962,163
P08962,172
O75462,292
O75462,92
O75462,168
O75462,140
P50897,197
Q9Y4L1,830
Q9Y4L1,515
Q9Y4L1,862
Q9Y4L1,827
Q9Y4L1,869
Q9Y4L1,931
Q9Y4L1,222
Q9Y4L1,288
O60568,548
O60568,63
Q9UHN6,292
Q9UHN6,913
Q9UHN6,914
Q9UHN6,362
Q9UHN6,1234
Q9UHN6,248
Q9UHN6,615
P25116,35
Q96GC9,21
Q96GC9,23
P13612,138
Q9NTN9,111
Q9NTN9,55
Q9NTN9,126
Q9NTN9,542
Q9NTN9,598
P78504,559
P78504,585
Q5JRA6,589
Q5JRA6,250
P07996,360
Q9NY35,72
Q7LGC8,464
P42702,445
P42702,43
P42702,191
P42702,195
P42702,426
P42702,572
P42702,787
P42702,64
P42702,85
O00469,209
O00469,63
O00469,725
Q13308,175
Q13308,668
Q13308,116
Q13308,646
Q13308,567
Q13308,405
Q13308,268
Q13308,283
Q13308,120
Q9Y639,276
Q9Y639,284
Q6UXH1,249
Q6UXH1,251
Q08380,192
Q08380,125
Q08380,551
Q08380,69
P08236,272
P01892,110
P10316,110
O75051,163
Q12866,442
Q12866,454
Q12866,207
P24821,1018
P24821,184
P24821,1485
Q8NHP8,465
Q8NHP8,515
Q8NHP8,88
Q8NHP8,231
Q9UBG0,140
Q9UBG0,364
Q9UBG0,69
Q9UBG0,497
Q9UBG0,1134
Q07011,149
Q07011,138
Q9UHW9,379
P28799,530
P28799,265
P28799,236
P28799,368
P14625,216
P14625,217
P14625,228
P14625,481
P14625,445
P10253,652
P10253,140
P10253,882
P10253,470
P10253,390
Q13683,1045
Q13683,1025
Q13683,989
Q68CQ7,257
Q68CQ7,103
P53634,119
P53634,276
P53634,53
Q9UBS9,928
O75071,347
O75071,296
O75071,301
O75071,256
O75071,153
Q92673,1191
Q92673,1246
Q92673,1986
Q92673,662
Q92673,674
Q92673,1894
Q92673,1608
Q92673,1458
Q92673,1809
Q92673,1854
Q92673,871
Q92673,2010
Q92673,1733
Q92673,1164
Q92673,158
Q6P9A2,320
Q9ULW2,48
Q9ULW2,153
O00567,207
Q96QE2,433
Q9H173,193
O75882,914
O75882,923
O75882,1043
O75882,428
O75882,416
O75882,419
P30450,110
P30453,110
P30456,110
P30457,110
P30504,110
P10321,110
Q29865,110
O75503,178
Q92545,223
Q92545,290
O00584,76
O00584,106
O00584,212
P54289,781
P54289,998
P54289,136
Q7Z388,122
Q7Z388,123
Q16787,2365
Q16787,2728
Q16787,242
Q16787,3097
Q16787,2265
Q16787,2584
Q8TCT7,97
P78324,270
Q5TFQ8,269
Q9NUN5,457
Q9UKZ4,1781
Q9UKZ4,2145
Q9UKZ4,1757
Q9UJ14,523
Q32P28,281
Q32P28,316
Q32P28,540
Q13740,499
Q13740,167
Q13740,480
Q13740,496
P23468,724
Q9HBU6,107
Q01973,315
P13611,330
P13611,809
P13611,1442
Q8IWA5,187
Q8IWA5,200
Q5NDL2,354
Q4KMQ2,361
Q4KMQ2,493
Q4KMQ2,491
Q92791,361
Q92791,79
Q14703,939
Q14703,148
P42892,270
P42892,249
P42892,210
P42892,166
Q15768,210
O14657,64
P22607,225
P22607,98
Q6J4K2,60
Q6J4K2,46
P28300,144
Q96AY3,70
Q96AY3,182
Q96AY3,352
Q96AY3,294
Q96AY3,407
Q96AY3,310
Q96AY3,314
P11047,1395
P11047,1205
P11047,1213
P11047,1161
P11047,1174
P11047,1175
P11047,1223
P11047,649
P11047,650
P11047,1022
P11047,1380
P11047,1107
P11047,1108
P06213,242
P06213,424
P06213,445
P06213,933
Q6UWV2,123
P30048,79
P27816,926
P18075,187
P18084,586
P18084,505
P18084,705
P18084,654
P18084,477
Q14126,462
Q14126,1073
Q14126,1097
Q96KA5,229
Q01105,159
Q96HA4,128
P20645,83
P20645,94
Q9NZR2,3682
Q9NZR2,4204
Q9NZR2,1636
Q13510,259
Q13510,286
O95461,122
Q02809,197
Q02809,538
P00533,352
P00533,355
P00533,196
P00533,361
P00533,623
P00533,603
P00533,413
P00533,552
P00533,568
Q8IZJ1,222
O95185,236
P08069,756
P08069,764
P08069,913
P08069,640
Q9HCN3,232
Q9HCN3,535
Q9HCN3,140
Q9HCN3,144
Q9HCN3,319
Q9HCN3,323
Q8TE56,839
Q8TE56,894
Q5HYA8,179
O75976,867
O75976,172
O75976,522
O75976,955
O75976,811
O75976,978
O75976,410
O75976,1070
O75976,518
O75976,958
O75976,949
P98164,299
P98164,2781
P98164,2224
P98164,178
P98164,186
P98164,388
P98164,400
P98164,4068
P98164,1144
P98164,1496
P98164,3446
P98164,1383
P98164,1675
O95297,130
P23229,997
P23229,966
P23229,930
P23229,323
Q99574,321
O76024,746
P40189,83
P40189,390
P40189,379
P40189,383
P40189,43
Q8TAB3,420
Q8TAB3,485
Q8TAB3,546
Q8TAB3,261
Q8TAB3,270
Q9NY97,89
Q6EMK4,117
Q03188,54
Q6P179,714
Q6P179,119
Q6P179,431
Q6P179,103
Q6P179,85
Q6P179,219
Q12913,413
Q12913,910
Q12913,919
Q12913,351
Q12913,342
Q12913,937
Q12913,258
Q12913,391
Q12913,396
Q4G148,237
Q4G148,278
Q4G148,271
P16989,102
P16989,108
Q96MM7,460
Q13332,733
Q13332,940
Q86SQ4,505
Q86SQ4,667
Q86SQ4,673
Q86SQ4,818
Q86SQ4,776
Q86SQ4,314
Q86SQ4,750
Q9UBV2,608
Q9UBV2,431
Q9UBV2,272
Q8IYR6,63
Q16563,71
Q8IWB1,27
Q8IWB1,33
O75197,138
O75509,278
O75509,82
Q16585,211
Q16585,158
O95857,137
O95857,127
Q9NYU1,256
Q9NYU1,286
Q9NYU1,920
O75144,102
O75144,70
Q13253,62
Q6PCB8,213
Q8TCT8,149
Q8TCT8,116
Q86WK6,315
A8MVW0,221
A8MVW0,265
Q8IZA0,492
Q8IZA0,890
Q86VZ4,291
P43251,150
P43251,349
P43251,203
P43251,119
P29323,265
P29323,482
Q6ZXV5,541
Q9UIQ6,448
Q99784,103
Q99784,187
Q9UIW2,1098
Q9UIW2,1092
Q9UIW2,1043
Q9UIW2,1187
Q8WXG9,1021
Q8WXG9,738
Q8WXG9,576
Q8WXG9,4088
Q8WXG9,1996
Q8WXG9,1390
Q8WXG9,2735
Q8WXG9,2139
Q8WXG9,4170
Q8WXG9,204
Q8WXG9,3794
Q8WXG9,1406
Q8WXG9,3224
P22413,285
P22413,700
P22413,341
Q9HD45,174
O75094,192
O75094,622
Q92186,219
Q92186,60
Q9UKY4,445
Q9UKY4,583
Q99715,2679
Q99715,2528
Q99715,1763
Q99715,1767
O75096,1467
O75096,1415
O94813,63
O94813,65
O94813,185
O94813,186
O94813,184
O94813,1300
O94813,66
O94813,623
P21333,1299
Q12841,175
Q12841,180
Q12841,189
Q12841,144
Q12841,75
P98161,1348
P98161,621
Q8NBN3,157
Q9Y210,473
O00468,135
O00468,932
O00468,777
Q08722,111
Q08722,73
Q08722,50
Q08722,34
Q13443,381
Q13443,487
O60245,845
Q15303,548
Q15303,576
Q03405,222
Q96FM1,40
Q6PKC3,337
Q6PKC3,969
Q6PKC3,595
P08238,701
Q9UBX1,378
Q9UBX1,367
Q9UBX1,195
Q6YHK3,513
Q9NZN1,213
Q9BY67,165
Q9BY67,113
Q9BY67,67
Q9BY67,302
Q9BY67,304
Q9BY67,308
Q9BY67,101
Q9NV96,294
Q9NV96,190
Q15155,613
Q15155,618
Q15155,369
Q15155,218
Q15155,207
Q5JPE7,613
Q5JPE7,618
Q5JPE7,369
Q5JPE7,218
Q5JPE7,207
P69849,613
P69849,618
P69849,369
P69849,218
P69849,207
Q00839,57
Q9H3G5,346
Q9H3G5,350
Q9H3G5,307
Q9H3G5,81
Q9NXG6,348
Q9Y2U8,604
Q9Y2U8,576
Q9NY47,202
Q9NY47,696
P09299,755
Q9J3N7,755
O95897,74
Q3T906,759
Q3T906,1129
Q3T906,179
Q3T906,83
Q3T906,551
Q3T906,829
Q7Z5N4,1748
Q7Z5N4,1024
Q5VU97,905
Q5VU97,967
Q5VU97,980
Q5VU97,985
Q96JQ0,1996
Q96JQ0,2761
P55285,536
Q96HD1,205
Q8NEN9,1054
P00749,322
Q92854,419
Q92854,379
Q92854,77
Q92854,129
Q92854,139
P10586,966
P10586,721
P10586,117
P10586,959
Q86XX4,2663
Q86XX4,1092
Q86XX4,1503
P05090,65
P05090,71
P48029,197
P48029,192
Q6L9W6,102
P56159,59
P56159,347
P56159,406
Q6UW63,414
Q6UW63,302
Q16706,78
Q16706,93
Q9NQZ7,330
P35556,1751
P35556,1756
P35556,1745
P35556,2808
P35556,492
P35556,1112
P02786,251
P02786,317
P02786,722
P02786,723
P02786,727
Q9NQ36,266
Q9NQ36,761
Q9NQ36,790
Q9NQ36,800
Q9NQ36,531
Q12931,399
Q9HDC9,160
Q9HDC9,126
Q9HDC9,196
Q9P273,380
Q9P273,2124
Q9P273,1640
Q9P273,860
Q9P273,1202
P12821,445
P12821,714
O15118,961
O15118,968
O15118,931
O15118,185
O15118,1064
O15118,135
O15118,598
O15118,158
O15118,572
O15118,122
O15118,222
O15118,221
O95427,192
Q15063,599
Q5KU26,67
Q5KU26,386
Q5KU26,159
Q5KU26,168
Q5KU26,160
Q5KU26,271
Q5KU26,210
Q5KU26,437
O43852,131
P13674,113
O15460,264
O15460,94
O15460,115
Q96RW7,5267
Q96RW7,2395
Q96RW7,2887
P02751,542
P02751,1007
P02751,528
P02751,1002
P02751,428
P02751,430
P02751,416
P55011,553
P55011,562
P38435,627
P38435,525
Q9GZX9,52
Q8IY17,11
Q99835,188
Q99835,493
Q70JA7,279
P13473,257
P13473,123
P13473,119
P13473,38
P13473,229
P13473,227
P13473,179
P13473,75
P13473,242
P13473,32
P13473,162
P13473,255
P13473,356
P13473,49
P13473,101
P07858,192
P07858,38
Q5T3F8,15
Q9P0T7,47
P15586,279
P15586,317
P15586,111
P15586,112
P15586,117
P15586,405
P15586,183
P15586,189
P15586,287
P15586,387
P15586,210
P15586,362
P43308,88
A2RU67,237
A2RU67,396
P17050,359
P17050,124
P17050,177
Q12907,183
Q12907,182
Q96JJ7,258
Q9H2H9,257
Q9H2H9,251
Q9H0V9,181
Q9H0V9,180
P26006,969
P26006,656
P06280,139
Q92896,210
Q92896,165
Q92896,581
Q92896,832
Q92896,677
Q92896,786
Q14108,249
Q14108,105
Q14108,206
Q14108,246
Q14108,325
Q14108,412
Q14108,224
Q14108,114
Q14108,68
P13591,222
P13591,459
Q86W47,90
O75054,655
O75054,700
O75054,101
O75054,1077
P04439,110
P30512,110
P16188,110
P16189,110
P16190,110
P01891,110
P30459,110
Q95604,110
Q15293,181
Q7Z4H8,306
Q7Z4H8,251
Q7Z4H8,61
P10619,333
P10619,145
P10619,244
P10619,342
P10619,343
P14314,72
P14314,79
O75581,1039
P04062,309
P04062,314
P04062,98
P43121,56
P43121,449
P43121,418
Q8NC56,311
O15031,795
O15031,1002
O15031,733
O15031,391
O15031,401
O15031,127
O15031,1049
O75129,1020
O15230,2568
O15230,479
O15230,2209
O15230,2019
O15230,2303
O15230,3287
O15230,3107
O15230,2707
O15230,1330
O15230,2423
O15230,2196
O15230,3282
Q8IYK4,97
Q8IYK4,382
O14773,210
O14773,222
O14773,443
Q9NYU2,269
P23142,98
P07686,190
P07686,84
P07686,327
Q96AE7,464
Q96AE7,634
Q96AE7,184
O60486,86
O60486,871
P04844,106
O60512,337
Q5H8A4,56
Q5H8A4,194
P48723,184
P48723,137
P07711,221
P11279,223
P11279,228
P11279,35
P11279,37
P11279,45
P11279,84
P11279,62
P11279,76
P11279,103
P11279,165
P11279,121
P11279,130
P11279,181
P11279,241
P11279,107
Q9Y2G5,259
P10909,374
P10909,145
P10909,86
P10909,103
P10909,354
Q6UVY6,114
Q8NBL1,45
Q8NBL1,53
Q12860,494
Q12860,591
Q12860,208
Q12860,200
Q12860,933
O14798,77
Q04900,94
Q04900,104
Q04900,146
Q04900,41
P15848,426
P15848,188
P15848,366
P15848,458
P15848,291
Q9BU23,616
Q15262,101
Q15262,211
Q15262,140
Q15262,462
Q15262,416
Q9HAR2,804
Q9HAR2,549
P21802,318
P21802,265
Q8WWB7,134
Q8WWB7,187
Q8NCS7,425
O00754,692
O00754,930
O00754,367
O00754,766
Q68CP4,461
Q68CP4,142
Q68CP4,162
Q8WWI5,135
Q8WWI5,180
Q8WWI5,143
Q9UP95,331
Q9UP95,312
Q13591,142
Q13591,147
Q9BT09,153
Q8IWF2,310
Q8IWF2,143
Q9C0H2,351
Q9C0H2,144
O43567,43
O43567,75
Q9BTY2,377
Q9BTY2,113
P04843,299
Q8N766,911
Q8N766,913
P06865,157
P26012,233
P26012,456
Q8IWU5,608
Q8IWU5,110
Q8IWU5,112
Q8IWU5,171
Q8IWU5,198
Q8IWU5,241
Q8IWU5,132
Q9NU53,46
Q9NU53,166
Q9NQS3,186
Q9NQS3,331
Q9Y251,238
Q9Y251,217
Q9Y251,200
Q9Y251,459
Q70UQ0,144
Q70UQ0,145
O96005,295
O96005,241
Q6UWJ1,104
Q6UWJ1,230
Q14517,2325
Q14517,40
Q14517,3422
Q14517,3640
Q14517,1551
Q14517,1556
Q14517,1940
Q14517,3716
Q14517,1902
P16870,139
P25391,2038
P25391,555
P25391,1991
P25391,1596
P25391,2619
P25391,1717
P25391,2408
P25391,2384
P25391,2852
P25391,2729
Q13438,177
P50454,120
O00634,387
P78357,518
P78357,763
P78357,843
P11362,317
P11362,264
P11362,77
Q58EX2,577
Q58EX2,936
Q58EX2,948
Q58EX2,1457
Q58EX2,1256
Q58EX2,1205
Q58EX2,609
Q58EX2,403
Q9UMF0,195
Q9UMF0,303
Q9UMF0,214
Q9UMF0,583
Q9UMF0,646
Q9UMF0,54
Q8WY21,776
Q8WY21,765
Q8WY21,775
Q13563,299
A6NKL6,124
Q9Y6X5,276
Q9Y6X5,286
Q9H4F8,214
P11117,267
P27037,43
P27701,198
Q9H6B4,74
Q9Y6N6,328
Q9Y6N6,1506
Q9Y6N6,631
O95450,949
O95450,1098
O95450,112
O95450,251
Q92729,1172
Q92729,432
Q92729,75
Q92729,124
Q92729,134
Q92729,410
Q01151,117
Q01151,79
P01861,177
O95084,207
O95084,93
Q13003,426
Q13003,433
Q13003,415
Q13003,76
Q9NS15,349
Q9NS15,843
Q9NS15,845
Q9NS15,89
Q8IUL8,308
Q8TDW7,3619
Q8TDW7,1007
P21589,333
P21589,311
Q9NYC9,2215
Q86YB8,140
Q86YB8,145
Q13936,1436
Q8NBJ4,108
Q8NBJ4,109
Q8NBJ4,144
O75093,69
O75093,71
O75093,630
Q6V0I7,2387
Q6V0I7,2937
Q6V0I7,615
Q6V0I7,1828
Q6V0I7,2921
Q6V0I7,1835
P25445,118
P25445,136
Q8NBK3,141
O43405,100
O43405,107
O43405,221
P05067,571
P49281,349
Q86WC4,216
Q86WC4,93
Q86WC4,135
P01130,272
Q6UWL2,302
Q6UWL2,308
Q6UWL2,253
Q6UWL2,503
Q6UWL2,348
Q8NFT8,204
Q8NFT8,208
Q8NFT8,223
O15455,196
O15455,247
O15455,52
Q6UX71,345
Q6UX71,316
Q9NY64,349
Q15043,77
P01889,110
P30460,110
P30462,110
P30464,110
P30466,110
P30685,110
P30475,110
Q04826,110
P30479,110
P30480,110
P30483,110
P30484,110
P30486,110
P30488,110
P30492,110
P30493,110
P30495,110
Q29836,110
P30498,110
Q31610,110
Q29718,110
P30499,110
P30501,110
P04222,110
Q9TNN7,110
P30505,110
P30508,110
P30510,110
Q07000,110
Q29960,110
P13747,107
Q68DH5,78
P48509,159
Q8WTV0,227
Q8WTV0,330
Q8WTV0,108
Q8WTV0,310
Q8WTV0,383
Q8IVL6,331
Q99435,225
Q99435,53
Q9Y680,45
O15354,222
Q9BX74,72
Q9BX74,75
Q9BX74,87
A1L157,159
Q13491,177
P17301,473
P17301,475
P17301,1074
P17301,432
P17301,343
P17301,112
Q8NBJ5,184
Q8NBJ5,381
Q8NBJ5,96
Q8NBJ5,93
P48745,97
O60911,221
O60911,217
P42785,63
P42785,336
P42785,47
P55899,125
Q8IZP9,597
Q8IZP9,551
Q8IZP9,99
Q8IZP9,111
Q8IZP9,117
Q8IZP9,144
O00451,357
O00451,350
O00451,52
A8MWY0,732
A8MWY0,733
A8MWY0,716
P08648,316
P08648,773
P08648,182
P08648,84
P08648,672
P08648,675
P08648,307
P08648,868
P08648,297
P08648,712
P08648,724
P13987,43
P38571,36
P38571,321
P38571,316
P38571,161
Q07065,249
Q16610,354
Q16610,444
P36941,177
O94901,588
Q16880,442
Q16880,78
P02461,1367
Q92823,223
Q92823,276
Q92823,993
Q86UN2,303
Q6P4E1,115
Q6P4E1,150
Q6P4E1,151
Q09328,447
O95390,94
P57087,187
Q9Y644,113
Q5T4D3,497
Q15165,254
Q15165,252
Q9NRB3,280
Q9NRB3,134
P04066,268
P04066,382
Q13873,55
Q8N8Z6,64
P02452,1365
O43854,130
O43854,140
Q8NAC3,443
O00461,257
Q14114,772
Q6PJF5,584
P17948,323
P17948,164
P17948,100
P17948,196
P17948,251
P17948,474
Q5VW38,169
Q5VW38,70
Q9UH99,636
O14786,150
O14786,522
O14786,261
Q8N697,140
P67809,70
P67809,76
Q9NYQ6,1640
Q9NYQ6,1139
Q9NYQ6,1287
Q9NYQ6,2122
Q9NYQ6,1576
P01033,101
P01033,53
Q92820,163
Q92820,203
P02458,1388
Q8NFP4,235
Q9HCU4,1565
Q9HCU4,1741
Q9HCU4,2061
Q99523,98
Q99523,99
P07237,458
Q9Y6M7,776
Q9Y6M7,786
O43529,99
Q9HAV5,74
O95502,216
O95502,42
Q969V3,428
Q02742,58
P04406,9
P04406,149
P04406,70
Q96GP6,310
Q96F46,54
P19022,572
P19022,651
P19022,692
Q14680,562
Q9Y2C2,84
Q9Y2C2,319
Q9Y2C2,155
Q9Y2C2,173
Q5JU69,245
Q5JU69,149
P10314,110
O75899,389
Q8N6Y1,776
Q8N6Y1,108
Q96RD7,255
P46531,41
P46531,1489
Q9Y227,404
Q8IWK6,652
Q8IWK6,687
Q8IWK6,453
Q8IWK6,433
Q9Y4D7,696
Q9Y4D7,736
Q9Y4D7,155
Q9UJ37,130
Q9H2J7,383
Q9UPN7,477
Q8IZY2,98
Q8IZY2,340
Q04721,46
Q04721,733
Q6UWW8,105
Q93063,288
Q9BZC7,305
Q9BZC7,1677
Q9BZC7,1775
Q9BZC7,432
Q9BZC7,530
Q9BZC7,628
Q9BZC7,1549
Q9BZC7,173
P51805,1073
P51805,1009
P51805,1162
P46977,545
P46977,548
Q9NRM6,103
Q9H5V8,39
Q9NZ53,480
Q9UN70,245
Q6AZY7,257
Q6AZY7,115
Q6AZY7,224
Q96GX1,391
P35052,116
P35052,79
P35052,76
Q96AQ6,455
Q96AQ6,445
Q8N3Z0,110
Q7Z553,92
Q9H813,148
Q9H813,162
Q9P2K2,460
Q9NZ08,414
Q9NZ08,154
P16278,498
P16278,464
P16278,459
P16278,247
Q16549,167
Q99650,176
Q99650,175
Q99650,580
Q49AH0,57
Q5SGD2,117
Q8WVJ2,144
Q71RG4,182
P54709,124
P08842,333
P08842,459
Q99808,48
P04626,187
P04626,259
P51788,403
P05026,158
Q9NT68,1993
Q9NT68,948
Q8NFZ8,286
Q8NFZ8,67
Q8NFZ8,262
Q8N2Q7,340
Q96CC6,583
Q96CC6,579
Q96RQ1,212
Q7Z7H5,117
Q9BVK6,125
O43505,300
O43505,204
O43505,198
O43505,209
O94910,827
P32004,479
P32004,979
P32004,876
P32004,849
P32004,490
P08581,149
P08581,399
P08581,106
P08581,607
P19440,120
P19440,230
O43493,39
Q92542,506
Q92542,204
Q92542,573
Q92542,580
Q92542,612
Q92542,435
Q92542,417
P14384,38
Q92187,119
Q9UHL4,315
O95490,744
O95490,520
Q6UWY0,413
Q6UWY0,193
O95302,397
O95302,174
O95302,286
O95302,417
Q9UBR2,224
Q8NAT1,276
P01023,869
P53708,923
Q15084,34
Q495W5,318
Q495W5,166
P98160,3836
P98160,89
Q9NZC3,168
Q9NZC3,198
O14656,158
O75325,583
Q9BXJ5,181
Q6N022,2188
Q6N022,1705
Q6N022,1881
Q6N022,1884
Q5W0B7,193
Q9P2N4,1806
P17181,81
Q6IEE7,70
Q6IEE7,228
Q6IEE7,91
Q15223,202
Q15223,286
Q8NC42,131
Q6ZN44,218
Q9Y2T7,105
Q9Y2T7,111
Q8IZF3,309
Q8WX77,166
Q68D85,242
Q68D85,216
Q68D85,208
O00744,93
Q9H8M5,112
Q8NFM7,62
P49908,174
P0DP25,98
P12110,140
P12110,785
Q9UPU3,789
P14672,57
P28827,534
P28827,127
P28827,131
P28827,249
P28827,406
Q16602,66
Q96J42,181
Q96J42,187
Q96J42,293
P62736,254
Q562R1,253
Q9BYX7,252
P60709,252
P68032,254
P63261,252
P63267,253
P68133,254
Q6S8J3,952
A5A3E0,952
Q9UMS4,37
Q9GZX3,229
Q96HE7,280
Q6DD88,520
P17405,86
P17405,335
O96014,40
Q9NUM4,256
Q9NUM4,183
Q9NUM4,182
Q8TE59,1009
P21926,151
Q9Y6L7,126
Q9Y6L7,171
Q9UQV4,266
Q9UQV4,232
Q9UQV4,200
Q13641,275
Q13641,124
Q7Z2K6,730
Q6NSJ0,511
Q6NSJ0,240
Q6NSJ0,250
Q6NSJ0,398
Q9GZR5,20
Q9H9K5,390
Q9H9K5,89
Q9H9K5,192
Q9H9K5,196
Q9H9K5,333
Q9H9K5,449
Q9H013,83
O00220,156
P22304,280
P22304,144
P08291,867
Q15904,170
Q15904,261
Q15904,273
Q9NR48,489
Q9NR48,496
Q9Y561,366
Q9Y561,75
Q9Y561,409
Q9HCM3,1063
Q92611,342
P51688,264
P51688,41
P51688,274
Q8NES3,167
Q86VH4,126
Q86VH4,58
Q8TER0,886
Q8TER0,977
Q7LGA3,108
Q24JP5,71
Q7Z4F1,299
Q7Z4F1,56
O75074,359
Q68CR1,382
Q68CR1,527
P84103,20
P84103,82
P23352,71
P23352,470
P48357,73
P48357,81
P48357,206
P48357,397
P48357,347
P48357,98
P12109,212
P12109,896
Q9BVA6,275
P49767,240
P0C7U0,85
P0C7U0,90
O75752,154
Q9BZQ6,195
O60279,354
Q99941,610
Q99941,476
Q99941,627
Q4G0M1,243
Q13586,171
Q9C0C4,419
Q9C0C4,522
Q9C0C4,106
Q9C0C4,121
Q15029,258
Q9Y6N7,160
Q8IWU6,240
Q8IWU6,170
Q8IWU6,131
P12107,1640
P07339,263
P07339,134
Q01459,299
O43909,290
O43909,592
Q6UWU2,486
Q9H1J7,93
Q8IXL6,101
O43897,125
O43897,169
O43897,84
Q8IWT1,71
Q8IWT1,113
Q8IWT1,112
Q86UN3,325
O14524,125
P30532,155
P15529,83
P15529,273
Q14766,347
Q9UHG3,353
Q9UHG3,196
Q9UNW1,242
P0DMV9,57
P0DMV9,31
P0DMV9,355
Q9Y487,505
Q9Y487,484
P61647,93
O14525,984
Q13797,225
Q9HAT2,401
Q9HAT2,422
Q9HAT2,267
Q9NR99,2693
Q9NS68,105
Q12884,49
O15342,70
P29401,344
Q9ULB1,1223
P58400,188
Q96PB1,141
Q96G97,88
Q7KYR7,114
Q7KYR7,120
Q7KYR7,46
P78310,106
O43556,200
O43556,197
Q6P4Q7,122
Q86X52,189
O75121,67
Q9UQ53,465
Q14833,98
Q11201,79
Q8NBJ9,165
Q92484,238
Q92484,222
O95980,39
Q9NRX5,298
Q96J84,297
Q96J84,140
Q96J84,46
P30443,110
P13746,110
P30455,110
Q8NFQ8,286
Q96DZ1,195
Q14118,661
Q14118,662
Q14118,641
Q14118,649
P43307,136
Q9UNX3,91
P61254,91
P10646,145
Q14112,703
Q96QV1,99
P17936,116
Q9H1A3,35
Q9H5I5,95
O60704,368
Q4LDE5,1102
Q4LDE5,2876
Q4LDE5,3379
Q4LDE5,3342
P07737,62
O75077,664
O75077,76
O75077,732
Q3V5L5,127
P08195,424
P08195,365
P08195,381
P04075,120
P06276,369
P06276,284
P06276,85
Q5T4B2,360
Q9BZA7,48
Q9BZA7,365
Q9BZA7,447
Q9BZA7,303
Q9BZA7,732
Q9BZA8,80
Q9BZA8,397
Q9BZA8,479
Q9BZA8,335
Q9BZA8,764
Q9H4D0,98
Q10469,69
Q10469,86
Q2MV58,130
Q2MV58,295
Q5FYB0,157
Q8N2E6,149
O00115,290
O00115,86
Q12797,452
P51654,418
P51654,424
Q9H1U4,245
Q9H1U4,40
P09529,93
Q03924,175
P06733,154
Q9Y3B3,103
Q7L0J3,573
Q06481,541
Q9Y6Q6,174
Q9Y6Q6,105
Q8IW45,240
P13688,378
P02790,187
P53801,54
P53801,45
P12259,2209
P20908,1672
A0PJZ3,233
A0PJZ3,274
Q9UM47,1179
Q16394,330
P23467,198
P23467,721
P23467,321
Q9Y646,179
P78552,105
P78552,157
O76082,64
O95158,143
O95158,149
O95158,72
P54652,32
P17066,33
P11142,31
Q9HCB6,214
Q9UK76,29
Q8NBR0,262
Q9UL01,645
Q9UL01,648
Q14563,590
Q9NS84,407
Q9NX62,259
Q8TE58,141
O00592,360
Q8WVQ1,88
P50895,377
P50895,383
P50895,439
P56817,153
Q29980,164
O94919,267
Q13444,237
Q13444,392
Q9ULV1,144
Q9ULV1,59
Q8N0V5,390
Q8N0V5,388
P30533,268
Q9H1C4,272
P00338,298
P16070,57
O15123,240
O15123,151
P49773,99
A8MVS5,73
P13497,599
P13497,142
P13497,91
P13497,101
H3BS89,102
H3BS89,152
Q9P2E5,121
Q14626,194
Q6ZRP7,178
Q6ZRP7,266
O95180,271
Q9UKU9,164
Q9NZU1,221
Q7Z7N9,136
Q9BXB1,362
A2VDJ0,522
A2VDJ0,343
Q9Y666,312
Q8NE79,30
Q9UKP4,1470
Q9UKP4,94
Q9Y385,231
Q13085,1574
P26992,142
P55287,540
Q6NUS6,347
Q6NUS6,165
Q6NUS6,279
P08571,282
Q9Y6A1,471
Q99966,53
Q12770,590
Q12770,263
Q86SJ2,104
Q02878,279
O75078,673
P04004,169
P22303,296
Q9BX67,192
O43889,372
P51690,125
Q8IWT6,83
Q6ZPD9,118
Q9HA82,19
Q96FE5,542
P55290,638
Q9Y5Z6,47
O95479,157
P52569,227
P31431,127
Q9BRF8,258
Q9Y287,170
A6NKW6,15
Q9NS62,304
Q12999,117
P08582,515
Q9NTZ6,144
Q9NTZ6,146
P0DN37,108
P62937,108
P15289,184
Q86SR1,146
P54826,117
Q9BXP2,243
Q96T83,145
P15813,38
P09132,24
Q9NZJ5,258
Q9BU40,285
Q8TE99,354
P13284,108
Q8TD84,1345
P48307,116
P48307,170
Q7Z402,638
Q6ZMG9,18
Q96PE1,207
Q5VV63,76
Q5VV63,697
Q9P244,87
Q86UK5,190
P33908,513
Q5VUB5,190
Q5VUB5,194
P81408,160
P08473,145
F5H4A9,57
Q9BYF1,546
Q9BYF1,103
Q9NT99,333
P08670,166
P08670,111
P08670,456
Q75N90,1025
Q96JP9,385
Q96JP9,643
Q9H330,551
P36849,43
P36851,43
P36854,43
P11021,55
P34931,33
P05106,680
Q9HBW1,363
P17661,116
P07900,622
P22314,44
P19105,94
O14950,95
P24844,95
O60503,206
Q14956,249
Q8NBS9,386
P49589,141
P26022,220
Q8N2S1,352
Q9UHX3,111
Q14264,105
P03244,202
P03243,203
Q15758,212
Q09160,110
Q96CW9,310
P48741,33
P18462,110
Q13136,772
Q8TDX6,315
Q92667,113
Q3ZCQ8,289
O15090,1067
P10809,482
Q9H1C3,234
Q9Y2M0,389
Q9P283,215
O75339,129
O15126,310
Q96N64,283
P21854,136
O15041,44
P18464,110
P30490,110
Q9BXN1,282
Q96QB1,51
Q9BXT2,113
P36955,285
Q9BTN0,81
Q9UPT8,1054
P24043,2648
P33778,68
P62807,68
P58876,68
Q93079,68
P06899,68
O60814,68
Q99880,68
Q99879,68
Q99877,68
P23527,68
Q16778,68
Q5QNW6,68
Q8N257,68
P57053,68
Q9NV06,46
P52292,86
Q86V25,52
Q9BZ95,511
Q5JRX3,85
O15072,942
Q13283,69
Q9H251,827
Q6PJG9,376
P26599,132
Q13724,657
B0FP48,51
Q92547,877
Q9Y5K6,559
P21810,270
Q8TD26,705
Q9HCK8,1055
B0YJ81,204
Q53RD9,124
Q00325,105
P35916,166
P48960,823
Q13433,266
Q13433,68
Q9Y2E5,749
Q9BRN9,157
Q9BRN9,87
Q9BRN9,140
Q9BRN9,122
Q9BRN9,118
P30101,90
P30101,88
Q5ZPR3,104
Q07954,1558
Q07954,3953
Q07954,4125
Q9P0K1,519
P56199,532
Q8IV08,387
Q9H0X4,473
Q9H0X4,120
Q14643,2512
Q3ZCQ3,53
P55268,1308
P55268,1085
P11717,123
Q29983,289
Q29983,261
Q8TCJ2,627
Q8TCJ2,641
Q9P2B2,600
Q92626,1110
P52797,38
P06756,488
P06756,835
P35555,1369
P35555,1484
P35555,2178
P35555,448
P35555,1581
P35555,2767
O60637,167
O60637,183
Q8TEM1,1441
Q8TEM1,44
Q8TEM1,1362
Q8TEM1,337
Q8TEM1,1442
P35442,1069
P54802,503
P54802,261
Q9NWD8,72
P78536,539
P78536,452
P78536,594
P78536,174
Q6UXI9,273
P50897,212
P50897,232
Q9Y4L1,596
O60568,223
Q9UHN6,980
Q9UHN6,739
P25116,398
P25116,416
P13612,79
P78504,215
P78504,217
P78504,1045
Q5JRA6,246
P07996,1067
Q9NY35,42
P42702,390
O00469,696
O00469,365
O00469,522
O00469,527
O00469,520
Q13308,463
Q9Y639,229
Q9Y639,197
Q9Y639,171
Q9Y639,200
Q6UXH1,190
Q08380,398
Q08380,580
P08236,631
O75051,655
Q12866,170
P24821,38
P24821,166
P24821,1392
Q8NHP8,91
P35354,53
P35354,130
Q6UXK2,364
Q9UHW9,398
Q13428,836
Q58FF3,159
P14625,502
P14625,107
P14625,62
Q13683,86
Q9NQ84,405
O95754,509
Q07075,324
Q07075,589
Q07075,597
Q07075,607
Q07075,678
Q07075,801
Q9UBS9,530
Q9UBS9,236
Q9UBS9,713
Q9UBS9,243
Q9UBS9,893
Q9UBS9,524
O75071,324
Q92673,1706
Q92673,2092
Q96SM3,318
P21860,250
P21860,353
P21860,437
Q96QE2,485
O75882,1073
O75882,264
O75882,1082
O75882,300
O75882,1198
O75882,1054
O75882,325
O75882,1066
O75503,255
O75503,271
O75503,281
O75503,203
O75503,352
O75503,251
Q92545,1059
Q92545,947
P54289,324
P54289,824
P54289,348
P54289,323
P54289,888
P54289,985
P54289,895
P05155,238
P05155,254
P05155,25
P18433,36
Q16787,2751
O60487,39
O60487,118
P04156,197
P78324,267
P78324,245
P78324,110
P78324,292
P78324,290
Q5TFQ8,266
Q5TFQ8,244
Q5TFQ8,291
Q5TFQ8,289
Q9NUN5,88
Q9NUN5,448
Q86YD3,106
Q9UJ14,531
Q9UJ14,283
Q9UJ14,198
Q9UJ14,267
Q9ULG6,498
Q32P28,491
Q32P28,467
Q13740,265
Q13740,489
Q13740,361
Q13740,258
Q13740,95
P30825,235
P30825,226
P30825,234
Q7Z407,2932
Q9UMR5,206
Q9UMR5,289
P13611,1898
P13611,1663
P13611,2360
P13611,2496
P13611,57
Q8IWA5,417
O14917,566
O14917,439
P20933,38
P20933,308
Q4KMQ2,802
Q4KMQ2,777
P42892,247
P42892,251
P28300,81
Q96AY3,393
Q96AY3,433
P11047,1402
P11047,576
P11047,1018
P11047,1241
P11047,1233
P06213,920
P06213,698
P06213,282
P29317,435
P04440,48
P38398,961
O75326,258
P49674,387
P18084,552
P18084,584
Q14126,182
Q14126,112
Q14126,190
Q96KA5,91
Q15629,352
Q15629,355
Q9Y2B1,312
Q9P258,18
Q96HA4,104
Q96HA4,111
P59510,802
P59510,803
Q9NZR2,3164
Q9NZR2,3316
Q9NZR2,1502
Q9NZR2,443
Q9NZR2,1754
Q9NZR2,1145
Q9NZR2,3076
Q8TBP5,83
Q02809,163
P08069,244
P08069,900
P08069,607
P08069,622
P08069,228
P08069,747
O75976,1069
O75976,626
O75976,855
O75976,820
O75976,1142
O95297,50
P23229,936
P23229,770
Q99574,157
P04035,281
O43155,649
O75629,160
O75629,216
O76024,28
O76024,661
O43291,94
O43291,57
P40189,157
P40189,227
Q9NY97,173
Q9NY97,219
Q9NY97,79
Q96L58,131
Q12913,229
Q12913,231
Q4G148,387
P05997,1400
Q96MM7,592
Q86SQ4,143
Q86SQ4,324
Q86SQ4,485
Q86SQ4,488
Q9UBV2,323
Q16563,63
Q9H2S6,94
O14672,278
O14672,439
O14672,537
O14672,551
Q9NYU1,846
Q8IWV2,65
Q8IWV2,191
Q8IWV2,893
Q8IWV2,764
Q8IWV2,929
Q9H6X2,184
Q6PCB8,218
Q6PCB8,61
Q8TCT8,155
Q8TCT8,35
Q86WK6,72
A8MVW0,66
Q8IZA0,207
Q8IZA0,487
Q8IZA0,742
Q6ZXV5,777
Q9UIQ6,145
Q9UIQ6,157
Q9UIQ6,834
Q9UIW2,1212
Q9UIW2,77
Q8WXG9,2372
Q8WXG9,246
Q8WXG9,4786
Q8WXG9,2972
Q8WXG9,877
Q8WXG9,3218
Q8WXG9,1558
Q8WXG9,164
Q8WXG9,422
Q8WXG9,428
P22413,731
P22413,585
O75094,928
Q92186,89
P49006,52
Q9UKY4,330
O94813,1266
Q99985,586
Q99985,585
Q99985,268
Q99985,123
Q7Z739,175
P21333,1303
P21333,399
P21333,2407
P98161,1554
Q8NBN3,160
Q8NBN3,62
Q8NBN3,127
Q9Y210,561
O00468,250
O00468,130
O60245,79
O60245,840
Q5SZK8,2427
Q5SZK8,2121
Q5SZK8,2236
Q96FM1,47
Q9UKJ8,164
Q9UKJ8,546
Q6PKC3,326
P08238,46
P08238,614
Q9UBX1,386
Q6YHK3,118
Q6YHK3,287
Q6YHK3,291
Q6YHK3,247
Q6YHK3,1086
Q6YHK3,68
Q6YHK3,419
P42166,24
P42166,23
P42167,24
P42167,23
P42167,290
Q9NZN1,264
Q9NV96,92
Q9NV96,107
Q9UIG8,153
Q15155,50
Q5JPE7,50
P69849,50
Q00839,639
Q00839,424
Q9NXG6,368
Q9NXG6,382
Q14508,44
Q9Y2U8,726
Q9Y2U8,433
Q9Y2U8,428
P32241,58
P32241,69
Q9NY47,700
Q9NY47,384
Q9NY47,386
Q9NY47,624
Q9NY47,786
Q9NY47,199
Q3T906,699
Q3T906,148
Q7Z5N4,1767
Q7Z5N4,1333
Q5VU97,587
Q15389,154
P55285,399
P55285,437
P23471,105
Q96F81,917
Q92508,2294
Q92508,2331
Q969Y0,346
Q969Y0,292
Q8TE57,739
Q8TE57,741
Q86XX4,1947
Q9H061,11
P05090,98
P78348,368
P56159,410
P56159,417
P08174,95
P35556,1529
P35556,1541
P35556,1414
P35556,1945
P02786,148
Q15198,219
P23470,113
P23470,156
P23470,166
P23470,444
Q6UVK1,2075
Q6UVK1,1202
Q06418,366
Q06418,293
Q06418,380
Q06418,230
Q06418,240
Q9HDC9,201
Q9P273,419
P12821,695
P12821,509
P12821,146
Q9ULI3,159
Q9ULI3,314
Q9ULI3,1080
O15118,524
O15118,1072
O15118,198
O15118,140
O95427,128
P13674,259
Q9GZX9,81
Q99835,35
Q8N2K0,123
Q70JA7,155
P13473,253
P13473,317
P13473,58
Q9P0T7,38
P15586,106
P15586,449
P43308,104
P17050,201
Q8WXI9,253
P26006,935
P26006,605
P26006,598
P26006,926
P26006,86
P06280,215
P06280,192
Q14108,304
P13591,462
P13591,488
O75054,825
O75054,842
Q15293,53
Q7Z4H8,419
Q7Z4H8,56
Q7Z4H8,299
Q7Z4H8,291
P50402,65
P14314,476
P04062,185
O15031,528
O15031,1099
Q8TB96,371
Q8TB96,188
O15230,3626
O15230,95
O15230,3257
O15230,504
O43462,337
Q9Y274,308
Q9Y274,304
Q9Y6N8,438
Q9Y6N8,534
O14773,313
O14773,250
Q08431,187
Q08431,325
P23142,535
P07686,76
O60486,407
O60486,692
O60486,141
Q6PIU2,270
Q6PIU2,287
P04844,83
Q9HBA9,151
Q9HBA9,28
Q04609,459
Q04609,476
Q04609,336
O60512,57
O60512,166
Q9Y3Q0,449
P48723,191
P11279,261
P11279,164
P11279,293
Q76KP1,617
Q76KP1,105
Q6UVY6,517
Q8NBL1,40
Q8NBL1,204
Q8NBL1,373
Q12860,457
P15848,279
Q9Y520,1458
Q9NX40,169
Q9BXS4,90
Q9HAR2,830
Q8NCS7,416
O00754,989
O00754,774
O00754,832
O00754,133
O00754,779
Q13591,437
Q8IWF2,462
Q8IWF2,308
Q8IWF2,349
O43567,40
Q8N766,370
P26012,446
Q8IWU5,149
Q8IWU5,754
Q9NU53,191
P01008,187
Q9NQS3,125
O95674,295
P34059,204
P34059,423
Q9Y251,224
Q70UQ0,328
O96005,28
Q14517,3649
Q14517,333
Q14517,740
Q14517,998
P16870,390
Q8TDD5,172
P25391,2867
P78357,597
P78357,499
Q58EX2,804
Q13563,305
Q13563,328
Q9Y6X5,155
Q9Y6X5,386
P11117,167
P11117,92
P11117,133
P11117,331
P11117,177
P11117,131
Q92729,205
Q01151,96
Q01151,101
Q8TDW7,3202
Q8TDW7,49
Q8TDW7,563
Q9BVT8,111
Q96K49,68
Q9BZM5,112
Q9BZM5,68
Q9BZM5,82
Q86WC4,263
Q9ULK0,422
P51511,150
Q29963,110
Q9BX74,197
Q9BX74,96
P17301,460
P17301,1057
P48745,280
P42785,345
A8MWY0,404
A8MWY0,405
P08648,682
P15151,120
P36941,40
O94901,732
P01215,102
P51991,192
Q92823,858
Q92823,802
P22626,178
Q9BZR6,179
Q9BZR6,372
Q9NQ34,60
Q16363,810
Q16363,742
Q14157,273
P00750,483
P00750,219
P00750,177
P00750,152
Q6P4E1,114
O15394,474
Q01974,318
Q01974,70
P61019,195
Q7Z3C6,99
Q15004,34
Q9NRB3,209
P04066,278
Q75V66,366
P01911,48
Q29974,48
Q8N8Z6,124
Q8N8Z6,277
Q7KZI7,574
Q07157,1511
P18850,584
Q14114,518
P05538,51
O94898,173
O94898,176
O94898,728
O94898,274
O94898,589
O94898,441
O94898,91
P08887,93
Q9UNP4,236
P67809,124
Q9NYQ6,1979
Q9NYQ6,1639
Q92820,307
Q92820,116
Q5VY80,68
Q8NFP4,307
Q9HCU4,1501
Q9HCU4,2043
Q9HCU4,1900
Q99523,406
Q99523,162
Q99523,274
P07237,419
P07237,430
Q9Y6M7,796
Q9Y6M7,791
O43529,316
P28906,194
Q96JA1,74
O14545,196
P04406,225
P04406,239
Q96GP6,83
Q96GP6,365
P34998,90
Q96F46,265
Q96F46,49
P19022,325
Q6ZMP0,373
Q6ZMP0,441
Q14680,485
O94886,28
Q9Y2C2,140
P20036,109
Q96NT5,58
P16519,375
Q8N6Y1,653
P98172,139
Q8IWK6,592
Q9Y4D7,1118
Q9Y4D7,1132
Q92859,73
Q92859,470
Q92859,639
Q92859,210
Q9BVX2,186
Q8N7P1,302
Q8N7P1,408
Q8N7P1,157
Q96S52,370
Q9H2J7,424
Q8IZY2,312
Q8IZY2,1381
P14415,118
P14415,159
P14415,238
O43157,1253
O43157,31
Q93063,637
Q9BZC7,1557
Q9BZC7,168
Q9NT22,732
P51805,59
P46977,537
P46977,544
Q9NRM6,183
Q86UF1,172
Q9Y5G0,415
Q9Y5G0,892
Q13449,279
Q13449,287
Q13449,300
Q13449,40
Q9H5V8,512
Q9UN70,424
Q9UN70,903
Q96GX1,372
Q96GX1,193
Q96GX1,455
P55081,370
Q99988,70
Q9ULF5,339
Q9ULF5,139
Q9ULF5,218
Q9UKI2,88
Q9H813,155
P98153,149
O75718,87
O75718,363
Q16549,511
Q99650,446
Q13478,203
P54709,240
P08842,259
P04626,530
P52799,36
P52799,39
P05026,163
P05026,193
P05026,265
Q5JS37,206
O94910,531
Q9HB40,126
P19440,511
P56730,26
Q92542,55
Q92542,387
Q92542,45
Q92542,264
Q92542,530
Q92542,169
P14384,384
Q92187,50
Q9UNN8,172
Q969N2,164
Q969N2,291
Q969N2,328
Q969N2,327
Q6UW56,44
Q6UW56,79
P16422,111
Q9NZP8,166
O95490,527
O95490,731
Q6UWY0,498
Q9UBR2,184
Q02388,337
P27824,156
Q13885,184
Q9BVA1,184
P04350,184
P68371,184
P07437,184
Q9BUF5,184
A6NNZ2,184
Q3ZCM7,184
Q9NPR2,64
Q9NPR2,520
P53708,81
Q15084,225
Q495W5,317
P98160,3780
P22004,241
P22004,404
Q8NDY4,54
P09651,171
P09651,320
Q9UBP4,106
P05156,103
P05156,464
Q11206,310
P12004,177
Q8NFM7,55
Q75T13,363
Q75T13,558
Q75T13,234
O43688,139
Q16602,123
Q96J42,165
Q96J42,166
Q9BYX7,92
P60709,92
P68032,94
P63261,92
P68133,94
Q6S8J3,792
A5A3E0,792
Q9GZX3,328
Q9H2E6,33
Q13641,243
Q13641,81
Q13641,413
P22304,115
Q9HCM3,1226
Q92611,624
Q92611,628
P29376,380
P19438,54
Q8J025,100
Q9H5K3,171
Q7LGA3,100
Q8IX30,756
Q8IX30,785
Q7Z4H7,749
P52798,33
Q6YBV0,194
Q6YBV0,495
P49641,1093
P48357,23
Q9UBX8,307
Q9Y5G5,47
Q9Y5G5,901
Q9Y5H3,51
Q9Y5H3,905
Q9Y5H2,48
Q9Y5H2,904
Q96PD2,155
O75752,198
Q9BZQ6,691
P19256,169
Q9UKX5,1059
Q8IW00,89
Q8IW00,144
Q99941,676
Q9Y6N7,820
P09668,101
Q8IWU6,623
Q8IWU6,197
Q16769,49
Q6UXD5,373
Q6UXD5,641
Q6UXD5,247
P52803,37
O43921,42
Q7Z7M9,273
Q30201,234
P07339,209
Q9P2C4,185
Q9P2C4,299
Q6UWU2,243
Q9Y5H4,900
Q9Y5H1,901
Q9Y5H0,901
Q9Y5G9,900
Q9Y5G8,900
Q9Y5G7,901
Q9Y5G6,901
Q9Y5G4,901
O60330,901
Q9Y5G3,896
Q9Y5G2,900
Q9Y5G1,898
Q9UN71,892
Q9Y5F9,899
Q9Y5F8,898
Q9Y5F7,907
Q9Y5F6,913
Q92633,349
O95672,656
Q96BD0,557
Q14766,1366
Q9BQC6,96
P0DMV9,35
Q92522,99
P11166,45
P54753,445
Q9GZU1,159
Q6PK18,267
Q6PK18,215
Q15417,240
Q9NR99,2203
Q9NR99,2415
Q7L804,306
Q969P0,463
Q969P0,327
P23284,148
Q5R3F8,80
Q5R3F8,85
Q5R3F8,371
Q96PB1,241
Q96PB1,187
Q7KYR7,222
P78310,201
Q6P4Q7,127
Q02083,37
Q9UQ53,103
P07093,159
P07093,154
P07093,118
Q14574,546
Q14574,392
Q92484,356
Q92484,263
Q7Z3S9,7
Q9UPQ9,1203
P31943,362
Q9BR84,364
Q92485,343
Q7Z4R8,53
O14495,170
Q96PK6,193
P18505,105
P28472,105
Q8NFQ8,289
Q9BSA4,129
Q9Y624,185
O00462,28
O00462,33
O00462,35
O00462,77
Q9BX73,92
Q16270,171
O94856,973
P15144,128
P15144,234
O60704,343
P07737,100
Q9UHI8,764
Q9UHI8,763
Q3V5L5,93
P06276,483
P27487,520
Q8N4M1,151
Q2MV58,528
Q8TC12,174
Q8TC12,197
Q12797,458
Q8NCR0,116
Q9P2D0,1066
Q9NRA1,55
Q9NXH8,314
P20827,26
Q16620,121
Q16620,254
Q16620,241
Q99707,150
P06733,363
Q03721,265
Q9ULL4,51
Q8WWK9,111
P41225,438
P09486,116
Q9H6U8,465
Q96B86,159
Q9GZM5,337
Q9HCK4,782
P53801,61
Q03164,720
Q03164,2337
Q9BX51,167
Q14390,160
Q9GZQ4,9
Q6H3X3,82
O75487,406
P41221,114
Q9UJJ9,88
Q9H015,57
Q9H015,91
O76082,57
O76082,91
P82980,60
Q04912,720
P54652,358
P54652,36
P17066,357
P17066,37
P11142,355
P11142,35
Q7Z2W4,352
Q7Z2W4,343
Q9NS84,186
Q4ZIN3,189
Q8TE58,623
P54760,335
P32970,170
Q9UJA9,292
Q9HC56,754
Q9HC56,450
Q9HC56,681
Q9HC56,306
Q9HC56,307
Q9HC56,630
Q9HC56,368
Q29980,261
Q6NSJ5,63
O94919,131
Q6P996,664
O75356,232
Q9H5J4,2
Q9NPR9,228
Q96MU8,45
Q96MU8,59
P61916,58
Q12891,103
Q12891,357
Q32P51,268
P34810,199
P34810,261
P61812,241
P61812,72
Q9H336,28
P12830,637
Q9H9S5,209
Q9NZV5,483
Q9NZV5,190
Q13822,411
P07204,115
Q17RY6,129
Q6P4F1,110
Q6P1M3,202
Q5JTV8,268
Q5JTV8,303
Q9UKP4,778
Q8NCC3,289
Q8NCC3,273
P05362,183
P05362,267
P05362,145
P0CG38,792
P0CG39,755
Q9Y6A1,435
Q7Z5Y6,158
P34820,158
Q86WK7,107
Q96AP7,169
P46778,66
Q5SXM1,223
P45880,250
Q13530,315
P82979,160
O14828,334
Q6P9F7,78
Q6UXM1,442
Q96FE7,66
P68104,284
Q5VTE0,284
Q9UBV4,189
Q8IWT6,66
Q9H497,122
Q9ULH4,574
O60609,309
P52848,401
P01137,136
Q96FE5,144
Q7L985,130
P55286,544
P55290,671
Q8NBM8,342
P55289,537
P49746,407
Q7L1S5,159
O60858,353
Q14435,297
Q14435,312
P08582,38
O95817,215
Q9Y580,182
Q9NZQ7,192
Q504Y2,460
O15321,178
F2Z333,109
Q96S16,279
Q99856,387
P21796,239
P21796,238
Q8NDD1,274
P15813,60
Q9BV10,250
Q96NR3,77
Q96NR3,71
Q9Y334,772
Q8NDV1,301
Q6P4A8,411
Q6P4A8,63
Q6P4A8,71
Q8TE99,305
Q8NCH0,368
Q9H6E4,148
P13284,63
P15328,161
P15328,69
Q6ZNA5,138
Q96G23,19
Q5SW79,593
Q99519,352
Q6MZW2,615
Q96PE1,690
Q8IZP7,380
Q8NBJ7,191
P52849,802
Q9P244,343
P06454,29
Q53F39,259
P08473,285
P54764,235
Q8IXB1,185
Q8NI99,145
Q9UGT4,162
Q9UGT4,494
P30040,187
Q9UHR4,316
Q96N06,95
P13726,156
P11021,59
P34931,37
Q9NY93,117
Q8IZF2,315
Q08170,56
Q13247,56
O00533,562
O00533,87
P49915,393
Q9P0L0,168
P29122,259
P54132,633
O95196,355
Q70SY1,504
Q8IVL5,460
Q96G27,8
P12931,68
P41440,58
P51659,311
Q14542,48
Q13705,42
Q5VV43,262
Q5VV43,733
Q58FF7,487
P05023,215
P50993,213
P13637,205
P20648,226
P48741,37
P08240,306
P10809,426
Q6ZMJ2,397
P34925,206
Q9ULX6,173
Q9UBU2,52
Q8NCW6,428
Q9NZ43,198
Q8NBU5,316
P78337,279
Q99697,278
Q9P1W3,16
P61978,73
P35968,704
Q13509,184
Q02413,110
Q9BTN0,339
P12643,164
Q9UK23,366
Q6ZQN7,544
P05107,212
A7MBM2,792
Q8NFA0,455
P05186,140
Q96EL3,48
Q8IXQ4,159
O75460,877
O00144,53
Q9H741,101
Q9H741,67
Q7LBC6,1261
Q9H7M9,49
Q6UWB1,76
O00400,18
P49771,126
Q13263,416
P09603,154
Q7Z3B1,73
Q8N6C5,1223
Q06828,166
P02794,112
O60716,57
P35232,89
Q8TDY8,157
Q8TDY8,625
Q71U36,380
P68363,380
P0DPH8,380
Q6PEY2,380
P68366,380
Q9NY65,380
Q9UI09,116
Q13153,111
Q13177,110
O75914,121
Q13642,77
Q9P055,37
Q9NYK6,156
Q9NYZ3,343
Q9HB63,163
Q8IY95,218
P55795,362
Q13275,126
Q8NBL3,158
O15297,502
Q9HCL0,766
Q13485,263
P22083,216
P55083,87
Q9Y4C1,870